date,country,state,city,newDeaths,deaths,newCases,totalCases,deathsMS,totalCasesMS,deaths_per_100k_inhabitants,totalCases_per_100k_inhabitants,deaths_by_totalCases,recovered,suspects,tests,tests_per_100k_inhabitants
2020-02-25,Brazil,SP,TOTAL,0,0,1,1,0,0,0.00000,0.00218,0.00000,,,,
2020-02-25,Brazil,TOTAL,TOTAL,0,0,1,1,0,0,0.00000,0.00048,0.00000,,,,
2020-02-26,Brazil,SP,TOTAL,0,0,0,1,0,1,0.00000,0.00218,0.00000,,,,
2020-02-26,Brazil,TOTAL,TOTAL,0,0,0,1,0,1,0.00000,0.00048,0.00000,,,,
2020-02-27,Brazil,SP,TOTAL,0,0,0,1,0,1,0.00000,0.00218,0.00000,,,,
2020-02-27,Brazil,TOTAL,TOTAL,0,0,0,1,0,1,0.00000,0.00048,0.00000,,,,
2020-02-28,Brazil,SP,TOTAL,0,0,1,2,0,1,0.00000,0.00436,0.00000,,,,
2020-02-28,Brazil,TOTAL,TOTAL,0,0,1,2,0,1,0.00000,0.00095,0.00000,,,,
2020-02-29,Brazil,SP,TOTAL,0,0,0,2,0,2,0.00000,0.00436,0.00000,,,,
2020-02-29,Brazil,TOTAL,TOTAL,0,0,0,2,0,2,0.00000,0.00095,0.00000,,,,
2020-03-01,Brazil,SP,TOTAL,0,0,0,2,0,2,0.00000,0.00436,0.00000,,,,
2020-03-01,Brazil,TOTAL,TOTAL,0,0,0,2,0,2,0.00000,0.00095,0.00000,,,,
2020-03-02,Brazil,SP,TOTAL,0,0,0,2,0,2,0.00000,0.00436,0.00000,,,,
2020-03-02,Brazil,TOTAL,TOTAL,0,0,0,2,0,2,0.00000,0.00095,0.00000,,,,
2020-03-03,Brazil,SP,TOTAL,0,0,0,2,0,2,0.00000,0.00436,0.00000,,,,
2020-03-03,Brazil,TOTAL,TOTAL,0,0,0,2,0,2,0.00000,0.00095,0.00000,,,,
2020-03-04,Brazil,SP,TOTAL,0,0,1,3,0,3,0.00000,0.00653,0.00000,,,,
2020-03-04,Brazil,TOTAL,TOTAL,0,0,1,3,0,3,0.00000,0.00143,0.00000,,,,
2020-03-05,Brazil,RJ,TOTAL,0,0,1,1,0,1,0.00000,0.00579,0.00000,,,,
2020-03-05,Brazil,SP,TOTAL,0,0,3,6,0,6,0.00000,0.01307,0.00000,,,,
2020-03-05,Brazil,TOTAL,TOTAL,0,0,4,7,0,7,0.00000,0.00333,0.00000,,,,
2020-03-06,Brazil,BA,TOTAL,0,0,1,1,0,1,0.00000,0.00672,0.00000,,,,
2020-03-06,Brazil,ES,TOTAL,0,0,1,1,0,1,0.00000,0.02488,0.00000,,,,
2020-03-06,Brazil,RJ,TOTAL,0,0,1,2,0,1,0.00000,0.01158,0.00000,,,,
2020-03-06,Brazil,SP,TOTAL,0,0,4,10,0,10,0.00000,0.02178,0.00000,,,,
2020-03-06,Brazil,TOTAL,TOTAL,0,0,7,14,0,13,0.00000,0.00666,0.00000,,,,
2020-03-07,Brazil,BA,TOTAL,0,0,1,2,0,2,0.00000,0.01345,0.00000,,,,
2020-03-07,Brazil,DF,TOTAL,0,0,1,1,0,1,0.00000,0.03316,0.00000,,,,
2020-03-07,Brazil,ES,TOTAL,0,0,0,1,0,1,0.00000,0.02488,0.00000,,,,
2020-03-07,Brazil,RJ,TOTAL,0,0,0,2,0,2,0.00000,0.01158,0.00000,,,,
2020-03-07,Brazil,SP,TOTAL,0,0,3,13,0,13,0.00000,0.02831,0.00000,,,,
2020-03-07,Brazil,TOTAL,TOTAL,0,0,5,19,0,19,0.00000,0.00904,0.00000,,,,
2020-03-08,Brazil,AL,TOTAL,0,0,1,1,0,1,0.00000,0.02996,0.00000,,,,
2020-03-08,Brazil,BA,TOTAL,0,0,0,2,0,2,0.00000,0.01345,0.00000,,,,
2020-03-08,Brazil,DF,TOTAL,0,0,0,1,0,1,0.00000,0.03316,0.00000,,,,
2020-03-08,Brazil,ES,TOTAL,0,0,0,1,0,1,0.00000,0.02488,0.00000,,,,
2020-03-08,Brazil,MG,TOTAL,0,0,1,1,0,1,0.00000,0.00472,0.00000,,,,
2020-03-08,Brazil,RJ,TOTAL,0,0,1,3,0,3,0.00000,0.01738,0.00000,,,,
2020-03-08,Brazil,SP,TOTAL,0,0,3,16,0,16,0.00000,0.03484,0.00000,,,,
2020-03-08,Brazil,TOTAL,TOTAL,0,0,6,25,0,25,0.00000,0.01190,0.00000,,,,
2020-03-09,Brazil,AL,TOTAL,0,0,0,1,0,1,0.00000,0.02996,0.00000,,,,
2020-03-09,Brazil,BA,TOTAL,0,0,0,2,0,2,0.00000,0.01345,0.00000,,,,
2020-03-09,Brazil,DF,TOTAL,0,0,0,1,0,1,0.00000,0.03316,0.00000,,,,
2020-03-09,Brazil,ES,TOTAL,0,0,0,1,0,1,0.00000,0.02488,0.00000,,,,
2020-03-09,Brazil,MG,TOTAL,0,0,0,1,0,1,0.00000,0.00472,0.00000,,,,
2020-03-09,Brazil,RJ,TOTAL,0,0,0,3,0,3,0.00000,0.01738,0.00000,,,,
2020-03-09,Brazil,SP,TOTAL,0,0,0,16,0,16,0.00000,0.03484,0.00000,,,,
2020-03-09,Brazil,TOTAL,TOTAL,0,0,0,25,0,25,0.00000,0.01190,0.00000,,,,
2020-03-10,Brazil,AL,TOTAL,0,0,0,1,0,1,0.00000,0.02996,0.00000,,,,
2020-03-10,Brazil,BA,TOTAL,0,0,0,2,0,2,0.00000,0.01345,0.00000,,,,
2020-03-10,Brazil,DF,TOTAL,0,0,0,1,0,1,0.00000,0.03316,0.00000,,,,
2020-03-10,Brazil,ES,TOTAL,0,0,0,1,0,1,0.00000,0.02488,0.00000,,,,
2020-03-10,Brazil,MG,TOTAL,0,0,0,1,0,1,0.00000,0.00472,0.00000,,,,
2020-03-10,Brazil,RJ,TOTAL,0,0,5,8,0,8,0.00000,0.04634,0.00000,,,,
2020-03-10,Brazil,RS,TOTAL,0,0,1,1,0,1,0.00000,0.00879,0.00000,,,,
2020-03-10,Brazil,SP,TOTAL,0,0,3,19,0,19,0.00000,0.04138,0.00000,,,,
2020-03-10,Brazil,TOTAL,TOTAL,0,0,9,34,0,34,0.00000,0.01618,0.00000,,,,
2020-03-11,Brazil,AL,TOTAL,0,0,0,1,0,1,0.00000,0.02996,0.00000,,,,
2020-03-11,Brazil,BA,TOTAL,0,0,1,3,0,2,0.00000,0.02017,0.00000,,,,
2020-03-11,Brazil,DF,TOTAL,0,0,1,2,0,2,0.00000,0.06633,0.00000,,,,
2020-03-11,Brazil,ES,TOTAL,0,0,0,1,0,1,0.00000,0.02488,0.00000,,,,
2020-03-11,Brazil,MG,TOTAL,0,0,0,1,0,1,0.00000,0.00472,0.00000,,,,
2020-03-11,Brazil,RJ,TOTAL,0,0,5,13,0,13,0.00000,0.07530,0.00000,,,,
2020-03-11,Brazil,RS,TOTAL,0,0,1,2,0,2,0.00000,0.01758,0.00000,,,,
2020-03-11,Brazil,SP,TOTAL,0,0,11,30,0,30,0.00000,0.06533,0.00000,,,,
2020-03-11,Brazil,TOTAL,TOTAL,0,0,19,53,0,52,0.00000,0.02522,0.00000,,,,
2020-03-12,Brazil,AL,TOTAL,0,0,0,1,0,1,0.00000,0.02996,0.00000,,,,
2020-03-12,Brazil,BA,TOTAL,0,0,0,3,0,2,0.00000,0.02017,0.00000,,,,
2020-03-12,Brazil,DF,TOTAL,0,0,0,2,0,2,0.00000,0.06633,0.00000,,,,
2020-03-12,Brazil,ES,TOTAL,0,0,0,1,0,1,0.00000,0.02488,0.00000,,,,
2020-03-12,Brazil,GO,TOTAL,0,0,3,3,0,0,0.00000,0.04275,0.00000,,,,
2020-03-12,Brazil,MG,TOTAL,0,0,1,2,0,1,0.00000,0.00945,0.00000,,,,
2020-03-12,Brazil,PE,TOTAL,0,0,2,2,0,2,0.00000,0.02093,0.00000,,,,
2020-03-12,Brazil,PR,TOTAL,0,0,6,6,0,6,0.00000,0.05248,0.00000,,,,
2020-03-12,Brazil,RJ,TOTAL,0,0,3,16,0,16,0.00000,0.09267,0.00000,,,,
2020-03-12,Brazil,RN,TOTAL,0,0,1,1,0,0,0.00000,0.02852,0.00000,,,,
2020-03-12,Brazil,RS,TOTAL,0,0,2,4,0,4,0.00000,0.03516,0.00000,,,,
2020-03-12,Brazil,SC,TOTAL,0,0,2,2,0,0,0.00000,0.02791,0.00000,,,,
2020-03-12,Brazil,SP,TOTAL,0,0,16,46,0,42,0.00000,0.10018,0.00000,,,,
2020-03-12,Brazil,TOTAL,TOTAL,0,0,36,89,0,77,0.00000,0.04235,0.00000,,,,
2020-03-13,Brazil,AL,TOTAL,0,0,0,1,0,1,0.00000,0.02996,0.00000,,,,
2020-03-13,Brazil,AM,TOTAL,0,0,2,2,0,0,0.00000,0.04826,0.00000,,,,
2020-03-13,Brazil,BA,TOTAL,0,0,4,7,0,2,0.00000,0.04706,0.00000,,,,
2020-03-13,Brazil,DF,TOTAL,0,0,0,2,0,2,0.00000,0.06633,0.00000,,,,
2020-03-13,Brazil,ES,TOTAL,0,0,0,1,0,1,0.00000,0.02488,0.00000,,,,
2020-03-13,Brazil,GO,TOTAL,0,0,0,3,0,3,0.00000,0.04275,0.00000,,,,
2020-03-13,Brazil,MG,TOTAL,0,0,0,2,0,2,0.00000,0.00945,0.00000,,,,
2020-03-13,Brazil,PE,TOTAL,0,0,0,2,0,2,0.00000,0.02093,0.00000,,,,
2020-03-13,Brazil,PR,TOTAL,0,0,0,6,0,6,0.00000,0.05248,0.00000,,,,
2020-03-13,Brazil,RJ,TOTAL,0,0,0,16,0,16,0.00000,0.09267,0.00000,,,,
2020-03-13,Brazil,RN,TOTAL,0,0,0,1,0,1,0.00000,0.02852,0.00000,,,,
2020-03-13,Brazil,RS,TOTAL,0,0,0,4,0,4,0.00000,0.03516,0.00000,,,,
2020-03-13,Brazil,SC,TOTAL,0,0,1,3,0,2,0.00000,0.04187,0.00000,,,,
2020-03-13,Brazil,SP,TOTAL,0,0,10,56,0,56,0.00000,0.12195,0.00000,,,,
2020-03-13,Brazil,TOTAL,TOTAL,0,0,17,106,0,98,0.00000,0.05044,0.00000,,,,
2020-03-14,Brazil,AL,TOTAL,0,0,0,1,0,1,0.00000,0.02996,0.00000,,,,
2020-03-14,Brazil,AM,TOTAL,0,0,0,2,0,0,0.00000,0.04826,0.00000,,,,
2020-03-14,Brazil,BA,TOTAL,0,0,0,7,0,2,0.00000,0.04706,0.00000,,,,
2020-03-14,Brazil,DF,TOTAL,0,0,6,8,0,6,0.00000,0.26532,0.00000,,,,
2020-03-14,Brazil,ES,TOTAL,0,0,0,1,0,1,0.00000,0.02488,0.00000,,,,
2020-03-14,Brazil,GO,TOTAL,0,0,1,4,0,3,0.00000,0.05699,0.00000,,,,
2020-03-14,Brazil,MG,TOTAL,0,0,2,4,0,2,0.00000,0.01890,0.00000,,,,
2020-03-14,Brazil,MS,TOTAL,0,0,2,2,0,0,0.00000,0.07197,0.00000,,,,
2020-03-14,Brazil,PE,TOTAL,0,0,5,7,0,2,0.00000,0.07324,0.00000,,,,
2020-03-14,Brazil,PR,TOTAL,0,0,0,6,0,6,0.00000,0.05248,0.00000,,,,
2020-03-14,Brazil,RJ,TOTAL,0,0,6,22,0,22,0.00000,0.12743,0.00000,,,,
2020-03-14,Brazil,RN,TOTAL,0,0,0,1,0,1,0.00000,0.02852,0.00000,,,,
2020-03-14,Brazil,RS,TOTAL,0,0,2,6,0,6,0.00000,0.05274,0.00000,,,,
2020-03-14,Brazil,SC,TOTAL,0,0,2,5,0,4,0.00000,0.06979,0.00000,,,,
2020-03-14,Brazil,SE,TOTAL,0,0,1,1,0,0,0.00000,0.04350,0.00000,,,,
2020-03-14,Brazil,SP,TOTAL,0,0,9,65,0,65,0.00000,0.14155,0.00000,,,,
2020-03-14,Brazil,TOTAL,TOTAL,0,0,36,142,0,121,0.00000,0.06757,0.00000,,,,
2020-03-15,Brazil,AL,TOTAL,0,0,0,1,0,1,0.00000,0.02996,0.00000,,,,
2020-03-15,Brazil,AM,TOTAL,0,0,0,2,0,1,0.00000,0.04826,0.00000,,,,
2020-03-15,Brazil,BA,TOTAL,0,0,2,9,0,2,0.00000,0.06051,0.00000,,,,
2020-03-15,Brazil,DF,TOTAL,0,0,6,14,0,8,0.00000,0.46430,0.00000,,,,
2020-03-15,Brazil,ES,TOTAL,0,0,0,1,0,1,0.00000,0.02488,0.00000,,,,
2020-03-15,Brazil,GO,TOTAL,0,0,0,4,0,3,0.00000,0.05699,0.00000,,,,
2020-03-15,Brazil,MG,TOTAL,0,0,0,4,0,2,0.00000,0.01890,0.00000,,,,
2020-03-15,Brazil,MS,TOTAL,0,0,0,2,0,0,0.00000,0.07197,0.00000,,,,
2020-03-15,Brazil,PE,TOTAL,0,0,1,8,0,2,0.00000,0.08371,0.00000,,,,
2020-03-15,Brazil,PR,TOTAL,0,0,0,6,0,6,0.00000,0.05248,0.00000,,,,
2020-03-15,Brazil,RJ,TOTAL,0,0,2,24,0,24,0.00000,0.13901,0.00000,,,,
2020-03-15,Brazil,RN,TOTAL,0,0,0,1,0,1,0.00000,0.02852,0.00000,,,,
2020-03-15,Brazil,RS,TOTAL,0,0,0,6,0,6,0.00000,0.05274,0.00000,,,,
2020-03-15,Brazil,SC,TOTAL,0,0,1,6,0,6,0.00000,0.08374,0.00000,,,,
2020-03-15,Brazil,SE,TOTAL,0,0,0,1,0,1,0.00000,0.04350,0.00000,,,,
2020-03-15,Brazil,SP,TOTAL,0,0,71,136,0,136,0.00000,0.29617,0.00000,,,,
2020-03-15,Brazil,TOTAL,TOTAL,0,0,83,225,0,200,0.00000,0.10707,0.00000,,,,
2020-03-16,Brazil,AL,TOTAL,0,0,0,1,0,1,0.00000,0.02996,0.00000,,,,
2020-03-16,Brazil,AM,TOTAL,0,0,0,2,0,1,0.00000,0.04826,0.00000,,,,
2020-03-16,Brazil,BA,TOTAL,0,0,1,10,0,2,0.00000,0.06724,0.00000,,,,
2020-03-16,Brazil,CE,TOTAL,0,0,9,9,0,0,0.00000,0.09855,0.00000,,,,
2020-03-16,Brazil,DF,TOTAL,0,0,5,19,0,13,0.00000,0.63013,0.00000,,,,
2020-03-16,Brazil,ES,TOTAL,0,0,0,1,0,1,0.00000,0.02488,0.00000,,,,
2020-03-16,Brazil,GO,TOTAL,0,0,5,9,0,3,0.00000,0.12824,0.00000,,,,
2020-03-16,Brazil,MG,TOTAL,0,0,2,6,0,5,0.00000,0.02834,0.00000,,,,
2020-03-16,Brazil,MS,TOTAL,0,0,2,4,0,2,0.00000,0.14394,0.00000,,,,
2020-03-16,Brazil,PE,TOTAL,0,0,0,8,0,2,0.00000,0.08371,0.00000,,,,
2020-03-16,Brazil,PR,TOTAL,0,0,0,6,0,6,0.00000,0.05248,0.00000,,,,
2020-03-16,Brazil,RJ,TOTAL,0,0,7,31,0,31,0.00000,0.17955,0.00000,,,,
2020-03-16,Brazil,RN,TOTAL,0,0,0,1,0,1,0.00000,0.02852,0.00000,,,,
2020-03-16,Brazil,RS,TOTAL,0,0,2,8,0,6,0.00000,0.07032,0.00000,,,,
2020-03-16,Brazil,SC,TOTAL,0,0,1,7,0,7,0.00000,0.09770,0.00000,,,,
2020-03-16,Brazil,SE,TOTAL,0,0,4,5,0,1,0.00000,0.21751,0.00000,,,,
2020-03-16,Brazil,SP,TOTAL,0,0,16,152,0,152,0.00000,0.33102,0.00000,,,,
2020-03-16,Brazil,TOTAL,TOTAL,0,0,54,279,0,234,0.00000,0.13276,0.00000,,,,
2020-03-17,Brazil,AC,TOTAL,0,0,3,3,0,0,0.00000,0.34016,0.00000,,,,
2020-03-17,Brazil,AL,TOTAL,0,0,0,1,0,1,0.00000,0.02996,0.00000,,,,
2020-03-17,Brazil,AM,TOTAL,0,0,0,2,0,1,0.00000,0.04826,0.00000,,,,
2020-03-17,Brazil,BA,TOTAL,0,0,4,14,0,3,0.00000,0.09413,0.00000,,,,
2020-03-17,Brazil,CE,TOTAL,0,0,1,10,0,5,0.00000,0.10950,0.00000,,,,
2020-03-17,Brazil,DF,TOTAL,0,0,3,22,0,22,0.00000,0.72962,0.00000,,,,
2020-03-17,Brazil,ES,TOTAL,0,0,0,1,0,1,0.00000,0.02488,0.00000,,,,
2020-03-17,Brazil,GO,TOTAL,0,0,1,10,0,6,0.00000,0.14248,0.00000,,,,
2020-03-17,Brazil,MG,TOTAL,0,0,8,14,0,7,0.00000,0.06614,0.00000,,,,
2020-03-17,Brazil,MS,TOTAL,0,0,2,6,0,4,0.00000,0.21591,0.00000,,,,
2020-03-17,Brazil,PE,TOTAL,0,0,10,18,0,16,0.00000,0.18834,0.00000,,,,
2020-03-17,Brazil,PR,TOTAL,0,0,6,12,0,6,0.00000,0.10495,0.00000,,,,
2020-03-17,Brazil,RJ,TOTAL,0,0,2,33,0,33,0.00000,0.19114,0.00000,,,,
2020-03-17,Brazil,RN,TOTAL,0,0,0,1,0,1,0.00000,0.02852,0.00000,,,,
2020-03-17,Brazil,RS,TOTAL,0,0,2,10,0,10,0.00000,0.08789,0.00000,,,,
2020-03-17,Brazil,SC,TOTAL,0,0,0,7,0,7,0.00000,0.09770,0.00000,,,,
2020-03-17,Brazil,SE,TOTAL,0,0,0,5,0,4,0.00000,0.21751,0.00000,,,,
2020-03-17,Brazil,SP,TOTAL,1,1,12,164,1,164,0.00218,0.35715,0.00610,,,,
2020-03-17,Brazil,TOTAL,TOTAL,1,1,54,333,1,291,0.00048,0.15846,0.00300,,,,
2020-03-18,Brazil,AC,TOTAL,0,0,0,3,0,0,0.00000,0.34016,0.00000,,,,
2020-03-18,Brazil,AL,TOTAL,0,0,0,1,0,1,0.00000,0.02996,0.00000,,,,
2020-03-18,Brazil,AM,TOTAL,0,0,0,2,0,1,0.00000,0.04826,0.00000,,,,
2020-03-18,Brazil,BA,TOTAL,0,0,13,27,0,3,0.00000,0.18154,0.00000,,,,
2020-03-18,Brazil,CE,TOTAL,0,0,9,19,0,9,0.00000,0.20806,0.00000,,,,
2020-03-18,Brazil,DF,TOTAL,0,0,12,34,0,26,0.00000,1.12759,0.00000,,,,
2020-03-18,Brazil,ES,TOTAL,0,0,8,9,0,9,0.00000,0.22396,0.00000,,,,
2020-03-18,Brazil,GO,TOTAL,0,0,2,12,0,8,0.00000,0.17098,0.00000,,,,
2020-03-18,Brazil,MG,TOTAL,0,0,5,19,0,15,0.00000,0.08975,0.00000,,,,
2020-03-18,Brazil,MS,TOTAL,0,0,1,7,0,7,0.00000,0.25189,0.00000,,,,
2020-03-18,Brazil,PA,TOTAL,0,0,1,1,0,0,0.00000,0.01162,0.00000,,,,
2020-03-18,Brazil,PB,TOTAL,0,0,1,1,0,0,0.00000,0.02489,0.00000,,,,
2020-03-18,Brazil,PE,TOTAL,0,0,1,19,0,16,0.00000,0.19881,0.00000,,,,
2020-03-18,Brazil,PR,TOTAL,0,0,3,15,0,13,0.00000,0.13119,0.00000,,,,
2020-03-18,Brazil,RJ,TOTAL,0,0,30,63,0,45,0.00000,0.36490,0.00000,,,,
2020-03-18,Brazil,RN,TOTAL,0,0,0,1,0,1,0.00000,0.02852,0.00000,,,,
2020-03-18,Brazil,RS,TOTAL,0,0,9,19,0,19,0.00000,0.16700,0.00000,,,,
2020-03-18,Brazil,SC,TOTAL,0,0,7,14,0,10,0.00000,0.19540,0.00000,,,,
2020-03-18,Brazil,SE,TOTAL,0,0,1,6,0,5,0.00000,0.26102,0.00000,,,,
2020-03-18,Brazil,SP,TOTAL,3,4,77,241,4,240,0.00871,0.52484,0.01660,,,,
2020-03-18,Brazil,TO,TOTAL,0,0,1,1,0,0,0.00000,0.06358,0.00000,,,,
2020-03-18,Brazil,TOTAL,TOTAL,3,4,181,514,4,428,0.00190,0.24459,0.00778,,,,
2020-03-19,Brazil,AC,TOTAL,0,0,1,4,0,3,0.00000,0.45355,0.00000,,,,
2020-03-19,Brazil,AL,TOTAL,0,0,3,4,0,4,0.00000,0.11986,0.00000,,,,
2020-03-19,Brazil,AM,TOTAL,0,0,1,3,0,3,0.00000,0.07238,0.00000,,,,
2020-03-19,Brazil,BA,TOTAL,0,0,4,31,0,30,0.00000,0.20843,0.00000,,,,
2020-03-19,Brazil,CE,TOTAL,0,0,1,20,0,20,0.00000,0.21901,0.00000,,,,
2020-03-19,Brazil,DF,TOTAL,0,0,8,42,0,42,0.00000,1.39291,0.00000,,,,
2020-03-19,Brazil,ES,TOTAL,0,0,4,13,0,11,0.00000,0.32349,0.00000,,,,
2020-03-19,Brazil,GO,TOTAL,0,0,3,15,0,12,0.00000,0.21373,0.00000,,,,
2020-03-19,Brazil,MG,TOTAL,0,0,10,29,0,29,0.00000,0.13699,0.00000,,,,
2020-03-19,Brazil,MS,TOTAL,0,0,2,9,0,7,0.00000,0.32386,0.00000,,,,
2020-03-19,Brazil,PA,TOTAL,0,0,0,1,0,1,0.00000,0.01162,0.00000,,,,
2020-03-19,Brazil,PB,TOTAL,0,0,0,1,0,1,0.00000,0.02489,0.00000,,,,
2020-03-19,Brazil,PE,TOTAL,0,0,9,28,0,28,0.00000,0.29298,0.00000,,,,
2020-03-19,Brazil,PI,TOTAL,0,0,3,3,0,0,0.00000,0.09165,0.00000,,,,
2020-03-19,Brazil,PR,TOTAL,0,0,9,24,0,23,0.00000,0.20990,0.00000,,,,
2020-03-19,Brazil,RJ,TOTAL,2,2,3,66,2,65,0.01158,0.38228,0.03030,,,,
2020-03-19,Brazil,RN,TOTAL,0,0,0,1,0,1,0.00000,0.02852,0.00000,,,,
2020-03-19,Brazil,RS,TOTAL,0,0,12,31,0,28,0.00000,0.27247,0.00000,,,,
2020-03-19,Brazil,SC,TOTAL,0,0,7,21,0,20,0.00000,0.29310,0.00000,,,,
2020-03-19,Brazil,SE,TOTAL,0,0,0,6,0,6,0.00000,0.26102,0.00000,,,,
2020-03-19,Brazil,SP,TOTAL,1,5,45,286,4,286,0.01089,0.62284,0.01748,,,,
2020-03-19,Brazil,TO,TOTAL,0,0,0,1,0,1,0.00000,0.06358,0.00000,,,,
2020-03-19,Brazil,TOTAL,TOTAL,3,7,125,639,6,621,0.00333,0.30407,0.01095,,,,
2020-03-20,Brazil,AC,TOTAL,0,0,3,7,0,7,0.00000,0.79371,0.00000,,,,
2020-03-20,Brazil,AL,TOTAL,0,0,2,6,0,5,0.00000,0.17978,0.00000,,,,
2020-03-20,Brazil,AM,TOTAL,0,0,4,7,0,3,0.00000,0.16889,0.00000,,,,
2020-03-20,Brazil,AP,TOTAL,0,0,1,1,0,1,0.00000,0.11824,0.00000,,,,
2020-03-20,Brazil,BA,TOTAL,0,0,3,34,0,33,0.00000,0.22860,0.00000,,,,
2020-03-20,Brazil,CE,TOTAL,0,0,48,68,0,55,0.00000,0.74463,0.00000,,,,
2020-03-20,Brazil,DF,TOTAL,0,0,45,87,0,87,0.00000,2.88532,0.00000,,,,
2020-03-20,Brazil,ES,TOTAL,0,0,3,16,0,13,0.00000,0.39814,0.00000,,,,
2020-03-20,Brazil,GO,TOTAL,0,0,3,18,0,15,0.00000,0.25647,0.00000,,,,
2020-03-20,Brazil,MA,TOTAL,0,0,1,1,0,0,0.00000,0.01413,0.00000,,,,
2020-03-20,Brazil,MG,TOTAL,0,0,9,38,0,35,0.00000,0.17951,0.00000,,,,
2020-03-20,Brazil,MS,TOTAL,0,0,3,12,0,9,0.00000,0.43181,0.00000,,,,
2020-03-20,Brazil,MT,TOTAL,0,0,1,1,0,1,0.00000,0.02870,0.00000,,,,
2020-03-20,Brazil,PA,TOTAL,0,0,1,2,0,2,0.00000,0.02325,0.00000,,,,
2020-03-20,Brazil,PB,TOTAL,0,0,0,1,0,1,0.00000,0.02489,0.00000,,,,
2020-03-20,Brazil,PE,TOTAL,0,0,2,30,0,30,0.00000,0.31390,0.00000,,,,
2020-03-20,Brazil,PI,TOTAL,0,0,1,4,0,3,0.00000,0.12220,0.00000,,,,
2020-03-20,Brazil,PR,TOTAL,0,0,13,37,0,32,0.00000,0.32360,0.00000,,,,
2020-03-20,Brazil,RJ,TOTAL,0,2,43,109,2,109,0.01158,0.63134,0.01835,,,,
2020-03-20,Brazil,RN,TOTAL,0,0,5,6,0,1,0.00000,0.17109,0.00000,,,,
2020-03-20,Brazil,RO,TOTAL,0,0,1,1,0,1,0.00000,0.05627,0.00000,,,,
2020-03-20,Brazil,RS,TOTAL,0,0,12,43,0,37,0.00000,0.37795,0.00000,,,,
2020-03-20,Brazil,SC,TOTAL,0,0,18,39,0,21,0.00000,0.54433,0.00000,,,,
2020-03-20,Brazil,SE,TOTAL,0,0,1,7,0,6,0.00000,0.30452,0.00000,,,,
2020-03-20,Brazil,SP,TOTAL,4,9,110,396,9,396,0.01960,0.86239,0.02273,,,,
2020-03-20,Brazil,TO,TOTAL,0,0,0,1,0,1,0.00000,0.06358,0.00000,,,,
2020-03-20,Brazil,TOTAL,TOTAL,4,11,333,972,11,904,0.00523,0.46253,0.01132,,,,
2020-03-21,Brazil,AC,TOTAL,0,0,4,11,0,9,0.00000,1.24726,0.00000,,,,
2020-03-21,Brazil,AL,TOTAL,0,0,1,7,0,7,0.00000,0.20975,0.00000,,,,
2020-03-21,Brazil,AM,TOTAL,0,0,4,11,0,11,0.00000,0.26541,0.00000,,,,
2020-03-21,Brazil,AP,TOTAL,0,0,0,1,0,1,0.00000,0.11824,0.00000,,,,
2020-03-21,Brazil,BA,TOTAL,0,0,7,41,0,41,0.00000,0.27567,0.00000,,,,
2020-03-21,Brazil,CE,TOTAL,0,0,16,84,0,68,0.00000,0.91983,0.00000,,,,
2020-03-21,Brazil,DF,TOTAL,0,0,21,108,0,100,0.00000,3.58177,0.00000,,,,
2020-03-21,Brazil,ES,TOTAL,0,0,10,26,0,26,0.00000,0.64698,0.00000,,,,
2020-03-21,Brazil,GO,TOTAL,0,0,2,20,0,20,0.00000,0.28497,0.00000,,,,
2020-03-21,Brazil,MA,TOTAL,0,0,1,2,0,1,0.00000,0.02827,0.00000,,,,
2020-03-21,Brazil,MG,TOTAL,0,0,16,54,0,38,0.00000,0.25509,0.00000,,,,
2020-03-21,Brazil,MS,TOTAL,0,0,4,16,0,16,0.00000,0.57575,0.00000,,,,
2020-03-21,Brazil,MT,TOTAL,0,0,1,2,0,2,0.00000,0.05740,0.00000,,,,
2020-03-21,Brazil,PA,TOTAL,0,0,0,2,0,2,0.00000,0.02325,0.00000,,,,
2020-03-21,Brazil,PB,TOTAL,0,0,0,1,0,1,0.00000,0.02489,0.00000,,,,
2020-03-21,Brazil,PE,TOTAL,0,0,3,33,0,30,0.00000,0.34529,0.00000,,,,
2020-03-21,Brazil,PI,TOTAL,0,0,0,4,0,4,0.00000,0.12220,0.00000,,,,
2020-03-21,Brazil,PR,TOTAL,0,0,7,44,0,43,0.00000,0.38482,0.00000,,,,
2020-03-21,Brazil,RJ,TOTAL,1,3,10,119,3,119,0.01738,0.68926,0.02521,,,,
2020-03-21,Brazil,RN,TOTAL,0,0,3,9,0,6,0.00000,0.25664,0.00000,,,,
2020-03-21,Brazil,RO,TOTAL,0,0,2,3,0,1,0.00000,0.16880,0.00000,,,,
2020-03-21,Brazil,RR,TOTAL,0,0,2,2,0,0,0.00000,0.33016,0.00000,,,,
2020-03-21,Brazil,RS,TOTAL,0,0,26,69,0,60,0.00000,0.60647,0.00000,,,,
2020-03-21,Brazil,SC,TOTAL,0,0,18,57,0,51,0.00000,0.79556,0.00000,,,,
2020-03-21,Brazil,SE,TOTAL,0,0,3,10,0,10,0.00000,0.43503,0.00000,,,,
2020-03-21,Brazil,SP,TOTAL,6,15,63,459,15,459,0.03267,0.99959,0.03268,,,,
2020-03-21,Brazil,TO,TOTAL,0,0,1,2,0,2,0.00000,0.12716,0.00000,,,,
2020-03-21,Brazil,TOTAL,TOTAL,7,18,225,1197,18,1128,0.00857,0.56960,0.01504,,,,
2020-03-22,Brazil,AC,TOTAL,0,0,0,11,0,11,0.00000,1.24726,0.00000,,,,
2020-03-22,Brazil,AL,TOTAL,0,0,0,7,0,7,0.00000,0.20975,0.00000,,,,
2020-03-22,Brazil,AM,TOTAL,0,0,15,26,0,26,0.00000,0.62732,0.00000,,,,
2020-03-22,Brazil,AP,TOTAL,0,0,0,1,0,1,0.00000,0.11824,0.00000,,,,
2020-03-22,Brazil,BA,TOTAL,0,0,14,55,0,49,0.00000,0.36980,0.00000,,,,
2020-03-22,Brazil,CE,TOTAL,0,0,41,125,0,112,0.00000,1.36880,0.00000,,,,
2020-03-22,Brazil,DF,TOTAL,0,0,9,117,0,117,0.00000,3.88025,0.00000,,,,
2020-03-22,Brazil,ES,TOTAL,0,0,0,26,0,26,0.00000,0.64698,0.00000,,,,
2020-03-22,Brazil,GO,TOTAL,0,0,1,21,0,21,0.00000,0.29922,0.00000,,,,
2020-03-22,Brazil,MA,TOTAL,0,0,0,2,0,2,0.00000,0.02827,0.00000,,,,
2020-03-22,Brazil,MG,TOTAL,0,0,29,83,0,83,0.00000,0.39209,0.00000,,,,
2020-03-22,Brazil,MS,TOTAL,0,0,5,21,0,21,0.00000,0.75567,0.00000,,,,
2020-03-22,Brazil,MT,TOTAL,0,0,0,2,0,2,0.00000,0.05740,0.00000,,,,
2020-03-22,Brazil,PA,TOTAL,0,0,2,4,0,4,0.00000,0.04650,0.00000,,,,
2020-03-22,Brazil,PB,TOTAL,0,0,0,1,0,1,0.00000,0.02489,0.00000,,,,
2020-03-22,Brazil,PE,TOTAL,0,0,4,37,0,37,0.00000,0.38715,0.00000,,,,
2020-03-22,Brazil,PI,TOTAL,0,0,2,6,0,4,0.00000,0.18331,0.00000,,,,
2020-03-22,Brazil,PR,TOTAL,0,0,10,54,0,50,0.00000,0.47228,0.00000,,,,
2020-03-22,Brazil,RJ,TOTAL,0,3,67,186,3,186,0.01738,1.07733,0.01613,,,,
2020-03-22,Brazil,RN,TOTAL,0,0,4,13,0,9,0.00000,0.37070,0.00000,,,,
2020-03-22,Brazil,RO,TOTAL,0,0,0,3,0,3,0.00000,0.16880,0.00000,,,,
2020-03-22,Brazil,RR,TOTAL,0,0,0,2,0,2,0.00000,0.33016,0.00000,,,,
2020-03-22,Brazil,RS,TOTAL,0,0,8,77,0,72,0.00000,0.67679,0.00000,,,,
2020-03-22,Brazil,SC,TOTAL,0,0,11,68,0,57,0.00000,0.94909,0.00000,,,,
2020-03-22,Brazil,SE,TOTAL,0,0,0,10,0,10,0.00000,0.43503,0.00000,,,,
2020-03-22,Brazil,SP,TOTAL,7,22,172,631,22,631,0.04791,1.37416,0.03487,,,,
2020-03-22,Brazil,TO,TOTAL,0,0,3,5,0,2,0.00000,0.31789,0.00000,,,,
2020-03-22,Brazil,TOTAL,TOTAL,7,25,397,1594,25,1546,0.01190,0.75852,0.01568,,,,
2020-03-23,Brazil,AC,TOTAL,0,0,6,17,0,11,0.00000,1.92758,0.00000,,230,,
2020-03-23,Brazil,AL,TOTAL,0,0,1,8,0,7,0.00000,0.23971,0.00000,,120,,
2020-03-23,Brazil,AM,TOTAL,0,0,6,32,0,32,0.00000,0.77209,0.00000,,,,
2020-03-23,Brazil,AP,TOTAL,0,0,0,1,0,1,0.00000,0.11824,0.00000,,,,
2020-03-23,Brazil,BA,TOTAL,0,0,8,63,0,63,0.00000,0.42358,0.00000,,1219,,
2020-03-23,Brazil,CE,TOTAL,0,0,39,164,0,163,0.00000,1.79587,0.00000,,,,
2020-03-23,Brazil,DF,TOTAL,0,0,21,138,0,133,0.00000,4.57671,0.00000,,,,
2020-03-23,Brazil,ES,TOTAL,0,0,7,33,0,29,0.00000,0.82117,0.00000,5,739,,
2020-03-23,Brazil,GO,TOTAL,0,0,2,23,0,23,0.00000,0.32771,0.00000,,,,
2020-03-23,Brazil,MA,TOTAL,0,0,6,8,0,2,0.00000,0.11307,0.00000,,302,,
2020-03-23,Brazil,MG,TOTAL,0,0,45,128,0,128,0.00000,0.60466,0.00000,,7766,,
2020-03-23,Brazil,MS,TOTAL,0,0,0,21,0,21,0.00000,0.75567,0.00000,,,,
2020-03-23,Brazil,MT,TOTAL,0,0,4,6,0,2,0.00000,0.17219,0.00000,,,,
2020-03-23,Brazil,PA,TOTAL,0,0,1,5,0,5,0.00000,0.05812,0.00000,,,,
2020-03-23,Brazil,PB,TOTAL,0,0,1,2,0,2,0.00000,0.04977,0.00000,,206,,
2020-03-23,Brazil,PE,TOTAL,0,0,5,42,0,42,0.00000,0.43947,0.00000,3,,,
2020-03-23,Brazil,PI,TOTAL,0,0,0,6,0,6,0.00000,0.18331,0.00000,,,,
2020-03-23,Brazil,PR,TOTAL,0,0,6,60,0,56,0.00000,0.52475,0.00000,,,,
2020-03-23,Brazil,RJ,TOTAL,1,4,47,233,4,233,0.02317,1.34956,0.01717,,,,
2020-03-23,Brazil,RN,TOTAL,0,0,0,13,0,13,0.00000,0.37070,0.00000,,,,
2020-03-23,Brazil,RO,TOTAL,0,0,0,3,0,3,0.00000,0.16880,0.00000,,,,
2020-03-23,Brazil,RR,TOTAL,0,0,0,2,0,2,0.00000,0.33016,0.00000,,,,
2020-03-23,Brazil,RS,TOTAL,0,0,19,96,0,86,0.00000,0.84379,0.00000,,132,,
2020-03-23,Brazil,SC,TOTAL,0,0,18,86,0,68,0.00000,1.20031,0.00000,,410,,
2020-03-23,Brazil,SE,TOTAL,0,0,0,10,0,10,0.00000,0.43503,0.00000,,,,
2020-03-23,Brazil,SP,TOTAL,8,30,114,745,30,745,0.06533,1.62242,0.04027,,4743,,
2020-03-23,Brazil,TO,TOTAL,0,0,2,7,0,5,0.00000,0.44505,0.00000,,,,
2020-03-23,Brazil,TOTAL,TOTAL,9,34,358,1952,34,1891,0.01618,0.92887,0.01742,8,15867,,
2020-03-24,Brazil,AC,TOTAL,0,0,4,21,0,17,0.00000,2.38113,0.00000,,230,,
2020-03-24,Brazil,AL,TOTAL,0,0,2,10,0,9,0.00000,0.29964,0.00000,1,120,,
2020-03-24,Brazil,AM,TOTAL,1,1,15,47,0,47,0.02413,1.13401,0.02128,1,,,
2020-03-24,Brazil,AP,TOTAL,0,0,0,1,0,1,0.00000,0.11824,0.00000,,,,
2020-03-24,Brazil,BA,TOTAL,0,0,16,79,0,76,0.00000,0.53116,0.00000,1,1219,,
2020-03-24,Brazil,CE,TOTAL,0,0,21,185,0,182,0.00000,2.02583,0.00000,,,,
2020-03-24,Brazil,DF,TOTAL,0,0,23,161,0,160,0.00000,5.33949,0.00000,1,,,
2020-03-24,Brazil,ES,TOTAL,0,0,7,40,0,33,0.00000,0.99536,0.00000,5,739,,
2020-03-24,Brazil,GO,TOTAL,0,0,6,29,0,27,0.00000,0.41320,0.00000,,,,
2020-03-24,Brazil,MA,TOTAL,0,0,0,8,0,8,0.00000,0.11307,0.00000,,302,,
2020-03-24,Brazil,MG,TOTAL,0,0,2,130,0,130,0.00000,0.61411,0.00000,,7766,,
2020-03-24,Brazil,MS,TOTAL,0,0,3,24,0,23,0.00000,0.86362,0.00000,,,,
2020-03-24,Brazil,MT,TOTAL,0,0,1,7,0,7,0.00000,0.20089,0.00000,,,,
2020-03-24,Brazil,PA,TOTAL,0,0,0,5,0,5,0.00000,0.05812,0.00000,,,,
2020-03-24,Brazil,PB,TOTAL,0,0,1,3,0,3,0.00000,0.07466,0.00000,,206,,
2020-03-24,Brazil,PE,TOTAL,0,0,0,42,0,42,0.00000,0.43947,0.00000,5,,,
2020-03-24,Brazil,PI,TOTAL,0,0,2,8,0,6,0.00000,0.24441,0.00000,,160,,
2020-03-24,Brazil,PR,TOTAL,0,0,10,70,0,65,0.00000,0.61221,0.00000,,1844,,
2020-03-24,Brazil,RJ,TOTAL,2,6,72,305,6,305,0.03475,1.76659,0.01967,1,,,
2020-03-24,Brazil,RN,TOTAL,0,0,1,14,0,13,0.00000,0.39922,0.00000,1,,,
2020-03-24,Brazil,RO,TOTAL,0,0,2,5,0,3,0.00000,0.28134,0.00000,,,,
2020-03-24,Brazil,RR,TOTAL,0,0,6,8,0,2,0.00000,1.32065,0.00000,,,,
2020-03-24,Brazil,RS,TOTAL,0,0,16,112,0,98,0.00000,0.98442,0.00000,3,132,,
2020-03-24,Brazil,SC,TOTAL,0,0,23,109,0,107,0.00000,1.52133,0.00000,,410,,
2020-03-24,Brazil,SE,TOTAL,0,0,5,15,0,15,0.00000,0.65254,0.00000,,,,
2020-03-24,Brazil,SP,TOTAL,10,40,65,810,40,810,0.08711,1.76397,0.04938,1,4572,,
2020-03-24,Brazil,TO,TOTAL,0,0,0,7,0,7,0.00000,0.44505,0.00000,,,,
2020-03-24,Brazil,TOTAL,TOTAL,13,47,303,2255,46,2201,0.02237,1.07306,0.02084,20,17700,,
2020-03-25,Brazil,AC,TOTAL,0,0,2,23,0,23,0.00000,2.60790,0.00000,,230,,
2020-03-25,Brazil,AL,TOTAL,0,0,1,11,0,11,0.00000,0.32960,0.00000,1,207,,
2020-03-25,Brazil,AM,TOTAL,0,1,7,54,1,54,0.02413,1.30290,0.01852,1,,,
2020-03-25,Brazil,AP,TOTAL,0,0,1,2,0,1,0.00000,0.23648,0.00000,,183,,
2020-03-25,Brazil,BA,TOTAL,0,0,12,91,0,84,0.00000,0.61184,0.00000,1,1219,,
2020-03-25,Brazil,CE,TOTAL,0,0,26,211,0,200,0.00000,2.31054,0.00000,,,,
2020-03-25,Brazil,DF,TOTAL,0,0,34,195,0,160,0.00000,6.46709,0.00000,1,,,
2020-03-25,Brazil,ES,TOTAL,0,0,0,40,0,39,0.00000,0.99536,0.00000,5,1019,,
2020-03-25,Brazil,GO,TOTAL,0,0,6,35,0,29,0.00000,0.49869,0.00000,,,,
2020-03-25,Brazil,MA,TOTAL,0,0,0,8,0,8,0.00000,0.11307,0.00000,,302,,
2020-03-25,Brazil,MG,TOTAL,0,0,3,133,0,133,0.00000,0.62828,0.00000,,14227,,
2020-03-25,Brazil,MS,TOTAL,0,0,0,24,0,24,0.00000,0.86362,0.00000,,,,
2020-03-25,Brazil,MT,TOTAL,0,0,2,9,0,8,0.00000,0.25829,0.00000,,326,,
2020-03-25,Brazil,PA,TOTAL,0,0,2,7,0,7,0.00000,0.08137,0.00000,,137,,
2020-03-25,Brazil,PB,TOTAL,0,0,2,5,0,3,0.00000,0.12444,0.00000,,206,,
2020-03-25,Brazil,PE,TOTAL,1,1,4,46,1,46,0.01046,0.48132,0.02174,5,,,
2020-03-25,Brazil,PI,TOTAL,0,0,1,9,0,8,0.00000,0.27496,0.00000,,348,,
2020-03-25,Brazil,PR,TOTAL,0,0,27,97,0,81,0.00000,0.84835,0.00000,7,3588,,
2020-03-25,Brazil,RJ,TOTAL,2,8,65,370,6,370,0.04634,2.14307,0.02162,1,,,
2020-03-25,Brazil,RN,TOTAL,0,0,0,14,0,14,0.00000,0.39922,0.00000,1,478,,
2020-03-25,Brazil,RO,TOTAL,0,0,0,5,0,5,0.00000,0.28134,0.00000,,,,
2020-03-25,Brazil,RR,TOTAL,0,0,0,8,0,8,0.00000,1.32065,0.00000,,,,
2020-03-25,Brazil,RS,TOTAL,1,1,50,162,1,123,0.00879,1.42390,0.00617,3,132,,
2020-03-25,Brazil,SC,TOTAL,0,0,13,122,0,109,0.00000,1.70277,0.00000,,325,,
2020-03-25,Brazil,SE,TOTAL,0,0,1,16,0,16,0.00000,0.69605,0.00000,,,,
2020-03-25,Brazil,SP,TOTAL,8,48,52,862,48,862,0.10453,1.87722,0.05568,1,4300,,
2020-03-25,Brazil,TO,TOTAL,0,0,0,7,0,7,0.00000,0.44505,0.00000,,,,
2020-03-25,Brazil,TOTAL,TOTAL,12,59,311,2566,57,2433,0.02808,1.22105,0.02299,27,27227,,
2020-03-26,Brazil,AC,TOTAL,0,0,1,24,0,24,0.00000,2.72129,0.00000,,76,,
2020-03-26,Brazil,AL,TOTAL,0,0,0,11,0,11,0.00000,0.32960,0.00000,1,274,,
2020-03-26,Brazil,AM,TOTAL,0,1,13,67,1,67,0.02413,1.61656,0.01493,1,,,
2020-03-26,Brazil,AP,TOTAL,0,0,0,2,0,2,0.00000,0.23648,0.00000,,183,,
2020-03-26,Brazil,BA,TOTAL,0,0,17,108,0,104,0.00000,0.72614,0.00000,16,,,
2020-03-26,Brazil,CE,TOTAL,3,3,26,237,3,235,0.03285,2.59525,0.01266,,4129,,
2020-03-26,Brazil,DF,TOTAL,0,0,6,201,0,200,0.00000,6.66607,0.00000,1,,,
2020-03-26,Brazil,ES,TOTAL,0,0,8,48,0,39,0.00000,1.19443,0.00000,5,1039,,
2020-03-26,Brazil,GO,TOTAL,1,1,4,39,1,39,0.01425,0.55569,0.02564,,,,
2020-03-26,Brazil,MA,TOTAL,0,0,2,10,0,10,0.00000,0.14134,0.00000,,728,,
2020-03-26,Brazil,MG,TOTAL,0,0,20,153,0,153,0.00000,0.72276,0.00000,,17409,,
2020-03-26,Brazil,MS,TOTAL,0,0,1,25,0,25,0.00000,0.89961,0.00000,,,,
2020-03-26,Brazil,MT,TOTAL,0,0,2,11,0,11,0.00000,0.31569,0.00000,,326,,
2020-03-26,Brazil,PA,TOTAL,0,0,6,13,0,13,0.00000,0.15111,0.00000,,97,,
2020-03-26,Brazil,PB,TOTAL,0,0,1,6,0,5,0.00000,0.14932,0.00000,,206,,
2020-03-26,Brazil,PE,TOTAL,2,3,2,48,3,48,0.03139,0.50225,0.06250,5,,,
2020-03-26,Brazil,PI,TOTAL,0,0,0,9,0,9,0.00000,0.27496,0.00000,,348,,
2020-03-26,Brazil,PR,TOTAL,0,0,9,106,0,102,0.00000,0.92706,0.00000,7,3487,,
2020-03-26,Brazil,RJ,TOTAL,1,9,51,421,9,421,0.05213,2.43847,0.02138,1,4471,,
2020-03-26,Brazil,RN,TOTAL,0,0,5,19,0,19,0.00000,0.54180,0.00000,1,1125,,
2020-03-26,Brazil,RO,TOTAL,0,0,1,6,0,5,0.00000,0.33760,0.00000,,,,
2020-03-26,Brazil,RR,TOTAL,0,0,2,10,0,8,0.00000,1.65082,0.00000,,,,
2020-03-26,Brazil,RS,TOTAL,0,1,28,190,1,168,0.00879,1.67000,0.00526,3,258,,
2020-03-26,Brazil,SC,TOTAL,1,1,27,149,1,122,0.01396,2.07961,0.00671,,325,,
2020-03-26,Brazil,SE,TOTAL,0,0,0,16,0,16,0.00000,0.69605,0.00000,,,,
2020-03-26,Brazil,SP,TOTAL,10,58,191,1053,58,1052,0.12631,2.29317,0.05508,1,14312,,
2020-03-26,Brazil,TO,TOTAL,0,0,1,8,0,7,0.00000,0.50863,0.00000,,,,
2020-03-26,Brazil,TOTAL,TOTAL,18,77,424,2990,77,2915,0.03664,1.42281,0.02575,42,48793,,
2020-03-27,Brazil,AC,TOTAL,0,0,1,25,0,25,0.00000,2.83468,0.00000,,76,,
2020-03-27,Brazil,AL,TOTAL,0,0,1,12,0,11,0.00000,0.35957,0.00000,1,274,,
2020-03-27,Brazil,AM,TOTAL,0,1,14,81,1,81,0.02413,1.95435,0.01235,1,,,
2020-03-27,Brazil,AP,TOTAL,0,0,1,3,0,2,0.00000,0.35472,0.00000,,183,,
2020-03-27,Brazil,BA,TOTAL,0,0,15,123,0,115,0.00000,0.82700,0.00000,16,,,
2020-03-27,Brazil,CE,TOTAL,0,3,45,282,3,282,0.03285,3.08802,0.01064,,4129,,
2020-03-27,Brazil,DF,TOTAL,0,0,40,241,0,230,0.00000,7.99266,0.00000,1,,,
2020-03-27,Brazil,ES,TOTAL,0,0,6,54,0,47,0.00000,1.34373,0.00000,5,1039,,
2020-03-27,Brazil,GO,TOTAL,0,1,10,49,1,49,0.01425,0.69817,0.02041,,,,
2020-03-27,Brazil,MA,TOTAL,0,0,3,13,0,13,0.00000,0.18374,0.00000,,728,,
2020-03-27,Brazil,MG,TOTAL,0,0,36,189,0,189,0.00000,0.89282,0.00000,,21691,,
2020-03-27,Brazil,MS,TOTAL,0,0,3,28,0,28,0.00000,1.00756,0.00000,,,,
2020-03-27,Brazil,MT,TOTAL,0,0,0,11,0,11,0.00000,0.31569,0.00000,,326,,
2020-03-27,Brazil,PA,TOTAL,0,0,3,16,0,13,0.00000,0.18598,0.00000,,115,,
2020-03-27,Brazil,PB,TOTAL,0,0,4,10,0,9,0.00000,0.24887,0.00000,,206,,
2020-03-27,Brazil,PE,TOTAL,1,4,9,57,4,56,0.04185,0.59642,0.07018,5,,,
2020-03-27,Brazil,PI,TOTAL,1,1,1,10,0,9,0.03055,0.30551,0.10000,,348,,
2020-03-27,Brazil,PR,TOTAL,2,2,19,125,2,119,0.01749,1.09323,0.01600,7,1078,,
2020-03-27,Brazil,RJ,TOTAL,1,10,72,493,10,493,0.05792,2.85550,0.02028,1,4471,,
2020-03-27,Brazil,RN,TOTAL,0,0,9,28,0,28,0.00000,0.79844,0.00000,1,1125,,
2020-03-27,Brazil,RO,TOTAL,0,0,0,6,0,6,0.00000,0.33760,0.00000,,,,
2020-03-27,Brazil,RR,TOTAL,0,0,2,12,0,10,0.00000,1.98098,0.00000,,,,
2020-03-27,Brazil,RS,TOTAL,1,2,7,197,2,195,0.01758,1.73153,0.01015,3,258,,
2020-03-27,Brazil,SC,TOTAL,0,1,14,163,1,149,0.01396,2.27501,0.00613,,325,,
2020-03-27,Brazil,SE,TOTAL,0,0,0,16,0,16,0.00000,0.69605,0.00000,,,,
2020-03-27,Brazil,SP,TOTAL,10,68,170,1223,68,1223,0.14809,2.66338,0.05560,1,14312,,
2020-03-27,Brazil,TO,TOTAL,0,0,1,9,0,8,0.00000,0.57220,0.00000,,,,
2020-03-27,Brazil,TOTAL,TOTAL,16,93,486,3476,92,3417,0.04425,1.65408,0.02675,42,50684,,
2020-03-28,Brazil,AC,TOTAL,0,0,0,25,0,25,0.00000,2.83468,0.00000,,76,,
2020-03-28,Brazil,AL,TOTAL,0,0,2,14,0,14,0.00000,0.41949,0.00000,1,274,,
2020-03-28,Brazil,AM,TOTAL,0,1,30,111,1,111,0.02413,2.67819,0.00901,1,121,,
2020-03-28,Brazil,AP,TOTAL,0,0,1,4,0,4,0.00000,0.47296,0.00000,,292,,
2020-03-28,Brazil,BA,TOTAL,0,0,4,127,0,127,0.00000,0.85389,0.00000,16,,,
2020-03-28,Brazil,CE,TOTAL,1,4,40,322,4,314,0.04380,3.52603,0.01242,,4129,,
2020-03-28,Brazil,DF,TOTAL,0,0,19,260,0,260,0.00000,8.62278,0.00000,1,,,
2020-03-28,Brazil,ES,TOTAL,0,0,7,61,0,53,0.00000,1.51792,0.00000,12,984,,
2020-03-28,Brazil,GO,TOTAL,0,1,7,56,1,56,0.01425,0.79791,0.01786,,,,
2020-03-28,Brazil,MA,TOTAL,0,0,2,15,0,14,0.00000,0.21201,0.00000,,728,,
2020-03-28,Brazil,MG,TOTAL,0,0,16,205,0,205,0.00000,0.96841,0.00000,,22974,,
2020-03-28,Brazil,MS,TOTAL,0,0,3,31,0,31,0.00000,1.11551,0.00000,,,,
2020-03-28,Brazil,MT,TOTAL,0,0,2,13,0,13,0.00000,0.37308,0.00000,,326,,
2020-03-28,Brazil,PA,TOTAL,0,0,2,18,0,17,0.00000,0.20923,0.00000,,115,,
2020-03-28,Brazil,PB,TOTAL,0,0,4,14,0,14,0.00000,0.34842,0.00000,3,206,,
2020-03-28,Brazil,PE,TOTAL,1,5,11,68,5,68,0.05232,0.71152,0.07353,9,,,
2020-03-28,Brazil,PI,TOTAL,0,1,1,11,1,11,0.03055,0.33606,0.09091,,348,,
2020-03-28,Brazil,PR,TOTAL,0,2,12,137,2,133,0.01749,1.19819,0.01460,7,968,,
2020-03-28,Brazil,RJ,TOTAL,3,13,65,558,13,558,0.07530,3.23198,0.02330,1,4471,,
2020-03-28,Brazil,RN,TOTAL,1,1,40,68,0,45,0.02852,1.93906,0.01471,1,1130,,
2020-03-28,Brazil,RO,TOTAL,0,0,0,6,0,6,0.00000,0.33760,0.00000,,,,
2020-03-28,Brazil,RR,TOTAL,0,0,4,16,0,12,0.00000,2.64131,0.00000,,,,
2020-03-28,Brazil,RS,TOTAL,0,2,3,200,2,197,0.01758,1.75790,0.01000,3,258,,
2020-03-28,Brazil,SC,TOTAL,0,1,21,184,1,184,0.01396,2.56812,0.00543,,325,,
2020-03-28,Brazil,SE,TOTAL,0,0,0,16,0,16,0.00000,0.69605,0.00000,,,,
2020-03-28,Brazil,SP,TOTAL,16,84,183,1406,84,1406,0.18293,3.06191,0.05974,1,14312,,
2020-03-28,Brazil,TO,TOTAL,0,0,0,9,0,9,0.00000,0.57220,0.00000,,,,
2020-03-28,Brazil,TOTAL,TOTAL,22,115,479,3955,114,3903,0.05472,1.88201,0.02908,56,52037,,
2020-03-29,Brazil,AC,TOTAL,0,0,9,34,0,34,0.00000,3.85516,0.00000,,76,,
2020-03-29,Brazil,AL,TOTAL,0,0,3,17,0,17,0.00000,0.50939,0.00000,1,274,,
2020-03-29,Brazil,AM,TOTAL,0,1,29,140,1,140,0.02413,3.37789,0.00714,1,121,,
2020-03-29,Brazil,AP,TOTAL,0,0,4,8,0,4,0.00000,0.94593,0.00000,,292,,
2020-03-29,Brazil,BA,TOTAL,1,1,29,156,1,154,0.00672,1.04888,0.00641,16,,,
2020-03-29,Brazil,CE,TOTAL,1,5,37,359,5,348,0.05475,3.93120,0.01393,,4129,,
2020-03-29,Brazil,DF,TOTAL,1,1,38,298,1,289,0.03316,9.88304,0.00336,1,,,
2020-03-29,Brazil,ES,TOTAL,0,0,11,72,0,60,0.00000,1.79165,0.00000,12,1013,,
2020-03-29,Brazil,GO,TOTAL,0,1,2,58,1,58,0.01425,0.82640,0.01724,,,,
2020-03-29,Brazil,MA,TOTAL,1,1,6,21,0,16,0.01413,0.29681,0.04762,,728,,
2020-03-29,Brazil,MG,TOTAL,0,0,26,231,0,231,0.00000,1.09123,0.00000,,28783,,
2020-03-29,Brazil,MS,TOTAL,0,0,5,36,0,36,0.00000,1.29544,0.00000,,,,
2020-03-29,Brazil,MT,TOTAL,0,0,3,16,0,16,0.00000,0.45918,0.00000,,326,,
2020-03-29,Brazil,PA,TOTAL,0,0,2,20,0,18,0.00000,0.23248,0.00000,,87,,
2020-03-29,Brazil,PB,TOTAL,0,0,0,14,0,14,0.00000,0.34842,0.00000,3,206,,
2020-03-29,Brazil,PE,TOTAL,0,5,5,73,5,73,0.05232,0.76383,0.06849,9,,,
2020-03-29,Brazil,PI,TOTAL,0,1,3,14,1,14,0.03055,0.42771,0.07143,,348,,
2020-03-29,Brazil,PR,TOTAL,0,2,15,152,2,148,0.01749,1.32937,0.01316,7,968,,
2020-03-29,Brazil,RJ,TOTAL,4,17,42,600,17,600,0.09847,3.47525,0.02833,1,4471,,
2020-03-29,Brazil,RN,TOTAL,0,1,0,68,1,68,0.02852,1.93906,0.01471,1,1130,,
2020-03-29,Brazil,RO,TOTAL,0,0,0,6,0,6,0.00000,0.33760,0.00000,,,,
2020-03-29,Brazil,RR,TOTAL,0,0,0,16,0,16,0.00000,2.64131,0.00000,,,,
2020-03-29,Brazil,RS,TOTAL,0,2,30,230,2,226,0.01758,2.02158,0.00870,3,258,,
2020-03-29,Brazil,SC,TOTAL,0,1,13,197,1,194,0.01396,2.74956,0.00508,,325,,
2020-03-29,Brazil,SE,TOTAL,0,0,0,16,0,16,0.00000,0.69605,0.00000,,,,
2020-03-29,Brazil,SP,TOTAL,14,98,45,1451,98,1451,0.21342,3.15991,0.06754,1,14312,,
2020-03-29,Brazil,TO,TOTAL,0,0,1,10,0,9,0.00000,0.63578,0.00000,,,,
2020-03-29,Brazil,TOTAL,TOTAL,22,137,358,4313,136,4256,0.06519,2.05237,0.03176,56,57847,,
2020-03-30,Brazil,AC,TOTAL,0,0,8,42,0,42,0.00000,4.76226,0.00000,10,63,,
2020-03-30,Brazil,AL,TOTAL,0,0,0,17,0,17,0.00000,0.50939,0.00000,1,274,,
2020-03-30,Brazil,AM,TOTAL,1,2,11,151,1,151,0.04826,3.64330,0.01325,1,121,,
2020-03-30,Brazil,AP,TOTAL,0,0,0,8,0,8,0.00000,0.94593,0.00000,,292,,
2020-03-30,Brazil,BA,TOTAL,1,2,20,176,1,176,0.01345,1.18335,0.01136,16,,,
2020-03-30,Brazil,CE,TOTAL,0,5,23,382,5,372,0.05475,4.18306,0.01309,,4129,,
2020-03-30,Brazil,DF,TOTAL,1,2,14,312,1,312,0.06633,10.34734,0.00641,1,,,
2020-03-30,Brazil,ES,TOTAL,0,0,13,85,0,72,0.00000,2.11514,0.00000,12,1013,,
2020-03-30,Brazil,GO,TOTAL,0,1,3,61,1,61,0.01425,0.86915,0.01639,,1626,,
2020-03-30,Brazil,MA,TOTAL,0,1,9,30,1,23,0.01413,0.42402,0.03333,,222,,
2020-03-30,Brazil,MG,TOTAL,1,1,30,261,1,261,0.00472,1.23295,0.00383,,29724,,
2020-03-30,Brazil,MS,TOTAL,0,0,8,44,0,44,0.00000,1.58331,0.00000,,,,
2020-03-30,Brazil,MT,TOTAL,0,0,2,18,0,18,0.00000,0.51658,0.00000,,326,,
2020-03-30,Brazil,PA,TOTAL,0,0,6,26,0,21,0.00000,0.30222,0.00000,,47,,
2020-03-30,Brazil,PB,TOTAL,0,0,3,17,0,15,0.00000,0.42308,0.00000,3,90,,
2020-03-30,Brazil,PE,TOTAL,1,6,5,78,6,78,0.06278,0.81615,0.07692,9,,,
2020-03-30,Brazil,PI,TOTAL,3,4,4,18,3,16,0.12220,0.54992,0.22222,,348,,
2020-03-30,Brazil,PR,TOTAL,1,3,8,160,3,155,0.02624,1.39934,0.01875,7,484,,
2020-03-30,Brazil,RJ,TOTAL,1,18,57,657,18,657,0.10426,3.80540,0.02740,1,4471,,
2020-03-30,Brazil,RN,TOTAL,0,1,9,77,1,77,0.02852,2.19570,0.01299,1,1130,,
2020-03-30,Brazil,RO,TOTAL,1,1,2,8,0,6,0.05627,0.45014,0.12500,,,,
2020-03-30,Brazil,RR,TOTAL,0,0,0,16,0,16,0.00000,2.64131,0.00000,,1,,
2020-03-30,Brazil,RS,TOTAL,2,4,24,254,3,241,0.03516,2.23253,0.01575,3,258,,
2020-03-30,Brazil,SC,TOTAL,1,2,22,219,1,197,0.02791,3.05662,0.00913,,325,,
2020-03-30,Brazil,SE,TOTAL,0,0,2,18,0,16,0.00000,0.78305,0.00000,,,,
2020-03-30,Brazil,SP,TOTAL,15,113,66,1517,113,1517,0.24609,3.30364,0.07449,1,12000,,
2020-03-30,Brazil,TO,TOTAL,0,0,1,11,0,10,0.00000,0.69936,0.00000,,,,
2020-03-30,Brazil,TOTAL,TOTAL,29,166,350,4663,159,4579,0.07899,2.21892,0.03560,66,56944,,
2020-03-31,Brazil,AC,TOTAL,0,0,0,42,0,42,0.00000,4.76226,0.00000,10,41,,
2020-03-31,Brazil,AL,TOTAL,1,1,1,18,1,18,0.02996,0.53935,0.05556,1,274,,
2020-03-31,Brazil,AM,TOTAL,1,3,24,175,3,175,0.07238,4.22236,0.01714,1,121,,
2020-03-31,Brazil,AP,TOTAL,0,0,2,10,0,10,0.00000,1.18241,0.00000,,383,,
2020-03-31,Brazil,BA,TOTAL,0,2,41,217,2,213,0.01345,1.45901,0.00922,16,,,
2020-03-31,Brazil,CE,TOTAL,2,7,19,401,7,390,0.07665,4.39111,0.01746,,4129,,
2020-03-31,Brazil,DF,TOTAL,1,3,21,333,3,332,0.09949,11.04379,0.00901,1,,,
2020-03-31,Brazil,ES,TOTAL,0,0,12,97,0,84,0.00000,2.41375,0.00000,12,1013,,
2020-03-31,Brazil,GO,TOTAL,0,1,4,65,1,65,0.01425,0.92614,0.01538,,2546,,
2020-03-31,Brazil,MA,TOTAL,0,1,21,51,1,31,0.01413,0.72083,0.01961,,754,,
2020-03-31,Brazil,MG,TOTAL,1,2,14,275,2,275,0.00945,1.29908,0.00727,,34224,,
2020-03-31,Brazil,MS,TOTAL,1,1,4,48,1,48,0.03598,1.72725,0.02083,,,,
2020-03-31,Brazil,MT,TOTAL,0,0,7,25,0,25,0.00000,0.71747,0.00000,,326,,
2020-03-31,Brazil,PA,TOTAL,0,0,8,34,0,32,0.00000,0.39522,0.00000,,33,,
2020-03-31,Brazil,PB,TOTAL,1,1,1,18,0,17,0.02489,0.44797,0.05556,3,90,,
2020-03-31,Brazil,PE,TOTAL,0,6,9,87,6,87,0.06278,0.91032,0.06897,9,,,
2020-03-31,Brazil,PI,TOTAL,0,4,0,18,4,18,0.12220,0.54992,0.22222,,348,,
2020-03-31,Brazil,PR,TOTAL,0,3,25,185,3,179,0.02624,1.61799,0.01622,7,521,,
2020-03-31,Brazil,RJ,TOTAL,5,23,51,708,23,708,0.13322,4.10080,0.03249,1,4471,,
2020-03-31,Brazil,RN,TOTAL,0,1,5,82,1,82,0.02852,2.33828,0.01220,1,1836,,
2020-03-31,Brazil,RO,TOTAL,0,1,1,9,1,8,0.05627,0.50641,0.11111,,,,
2020-03-31,Brazil,RR,TOTAL,0,0,0,16,0,16,0.00000,2.64131,0.00000,,29,,
2020-03-31,Brazil,RS,TOTAL,0,4,51,305,4,274,0.03516,2.68079,0.01311,3,258,,
2020-03-31,Brazil,SC,TOTAL,0,2,16,235,2,219,0.02791,3.27993,0.00851,,325,,
2020-03-31,Brazil,SE,TOTAL,0,0,1,19,0,19,0.00000,0.82656,0.00000,,,,
2020-03-31,Brazil,SP,TOTAL,23,136,822,2339,136,2339,0.29617,5.09375,0.05814,1,12000,,
2020-03-31,Brazil,TO,TOTAL,0,0,1,12,0,11,0.00000,0.76294,0.00000,,,,
2020-03-31,Brazil,TOTAL,TOTAL,36,202,1161,5824,201,5717,0.09612,2.77139,0.03468,66,63722,,
2020-04-01,Brazil,AC,TOTAL,0,0,1,43,0,43,0.00000,4.87564,0.00000,10,41,,
2020-04-01,Brazil,AL,TOTAL,0,1,0,18,1,18,0.02996,0.53935,0.05556,1,274,,
2020-04-01,Brazil,AM,TOTAL,0,3,25,200,3,200,0.07238,4.82556,0.01500,1,121,,
2020-04-01,Brazil,AP,TOTAL,0,0,1,11,0,11,0.00000,1.30065,0.00000,,383,,
2020-04-01,Brazil,BA,TOTAL,0,2,29,246,2,246,0.01345,1.65400,0.00813,16,,,
2020-04-01,Brazil,CE,TOTAL,2,9,44,445,8,444,0.09855,4.87293,0.02022,,4129,,
2020-04-01,Brazil,DF,TOTAL,1,4,37,370,3,355,0.13266,12.27088,0.01081,1,,,
2020-04-01,Brazil,ES,TOTAL,0,0,23,120,0,96,0.00000,2.98608,0.00000,12,1013,,
2020-04-01,Brazil,GO,TOTAL,0,1,8,73,1,71,0.01425,1.04013,0.01370,,2333,,
2020-04-01,Brazil,MA,TOTAL,0,1,19,70,1,54,0.01413,0.98937,0.01429,12,774,,
2020-04-01,Brazil,MG,TOTAL,1,3,39,314,3,314,0.01417,1.48332,0.00955,,34018,,
2020-04-01,Brazil,MS,TOTAL,0,1,3,51,1,51,0.03598,1.83520,0.01961,,39,,
2020-04-01,Brazil,MT,TOTAL,0,0,3,28,0,27,0.00000,0.80357,0.00000,,326,,
2020-04-01,Brazil,PA,TOTAL,1,1,7,41,0,40,0.01162,0.47659,0.02439,,81,,
2020-04-01,Brazil,PB,TOTAL,0,1,3,21,1,20,0.02489,0.52263,0.04762,3,90,,
2020-04-01,Brazil,PE,TOTAL,2,8,8,95,8,95,0.08371,0.99403,0.08421,9,,,
2020-04-01,Brazil,PI,TOTAL,0,4,1,19,4,18,0.12220,0.58047,0.21053,,256,,
2020-04-01,Brazil,PR,TOTAL,0,3,44,229,3,224,0.02624,2.00281,0.01310,7,521,,
2020-04-01,Brazil,RJ,TOTAL,5,28,124,832,28,832,0.16218,4.81901,0.03365,1,4471,,
2020-04-01,Brazil,RN,TOTAL,1,2,10,92,2,92,0.05703,2.62343,0.02174,1,1836,,
2020-04-01,Brazil,RO,TOTAL,0,1,0,9,1,9,0.05627,0.50641,0.11111,,,,
2020-04-01,Brazil,RR,TOTAL,0,0,10,26,0,22,0.00000,4.29212,0.00000,,29,,
2020-04-01,Brazil,RS,TOTAL,1,5,11,316,4,306,0.04395,2.77748,0.01582,3,258,,
2020-04-01,Brazil,SC,TOTAL,0,2,12,247,2,235,0.02791,3.44742,0.00810,,325,,
2020-04-01,Brazil,SE,TOTAL,0,0,3,22,0,20,0.00000,0.95706,0.00000,,,,
2020-04-01,Brazil,SP,TOTAL,28,164,642,2981,164,2981,0.35715,6.49186,0.05502,1,12000,,
2020-04-01,Brazil,TO,TOTAL,0,0,0,12,0,12,0.00000,0.76294,0.00000,,,,
2020-04-01,Brazil,TOTAL,TOTAL,42,244,1107,6931,240,6836,0.11611,3.29817,0.03520,78,63318,,
2020-04-02,Brazil,AC,TOTAL,0,0,2,45,0,43,0.00000,5.10242,0.00000,10,41,,
2020-04-02,Brazil,AL,TOTAL,0,1,0,18,1,18,0.02996,0.53935,0.05556,1,274,,
2020-04-02,Brazil,AM,TOTAL,0,3,29,229,3,229,0.07238,5.52527,0.01310,1,121,,
2020-04-02,Brazil,AP,TOTAL,0,0,1,12,0,11,0.00000,1.41889,0.00000,,512,,
2020-04-02,Brazil,BA,TOTAL,1,3,21,267,3,267,0.02017,1.79519,0.01124,16,,,
2020-04-02,Brazil,CE,TOTAL,11,20,120,565,20,550,0.21901,6.18698,0.03540,,4200,,
2020-04-02,Brazil,DF,TOTAL,1,5,30,400,4,370,0.16582,13.26582,0.01250,1,,,
2020-04-02,Brazil,ES,TOTAL,2,2,19,139,1,120,0.04977,3.45887,0.01439,12,737,,
2020-04-02,Brazil,GO,TOTAL,0,1,0,73,1,73,0.01425,1.04013,0.01370,,2333,,
2020-04-02,Brazil,MA,TOTAL,0,1,10,80,1,71,0.01413,1.13071,0.01250,12,913,,
2020-04-02,Brazil,MG,TOTAL,1,4,56,370,4,370,0.01890,1.74786,0.01081,,39084,,
2020-04-02,Brazil,MS,TOTAL,0,1,2,53,1,53,0.03598,1.90717,0.01887,,39,,
2020-04-02,Brazil,MT,TOTAL,0,0,13,41,0,36,0.00000,1.17665,0.00000,,326,,
2020-04-02,Brazil,PA,TOTAL,0,1,8,49,1,46,0.01162,0.56958,0.02041,,81,,
2020-04-02,Brazil,PB,TOTAL,0,1,8,29,1,21,0.02489,0.72173,0.03448,3,90,,
2020-04-02,Brazil,PE,TOTAL,1,9,11,106,9,106,0.09417,1.10913,0.08491,9,,,
2020-04-02,Brazil,PI,TOTAL,0,4,0,19,4,19,0.12220,0.58047,0.21053,,268,,
2020-04-02,Brazil,PR,TOTAL,1,4,29,258,4,252,0.03498,2.25644,0.01550,7,521,,
2020-04-02,Brazil,RJ,TOTAL,13,41,160,992,41,992,0.23748,5.74575,0.04133,1,4471,,
2020-04-02,Brazil,RN,TOTAL,0,2,14,106,2,105,0.05703,3.02265,0.01887,1,2153,,
2020-04-02,Brazil,RO,TOTAL,0,1,1,10,1,10,0.05627,0.56267,0.10000,,,,
2020-04-02,Brazil,RR,TOTAL,0,0,4,30,0,26,0.00000,4.95245,0.00000,,14,,
2020-04-02,Brazil,RS,TOTAL,0,5,70,386,5,334,0.04395,3.39274,0.01295,3,258,,
2020-04-02,Brazil,SC,TOTAL,3,5,34,281,2,247,0.06979,3.92196,0.01779,,325,,
2020-04-02,Brazil,SE,TOTAL,2,2,2,24,2,23,0.08701,1.04407,0.08333,,,,
2020-04-02,Brazil,SP,TOTAL,24,188,525,3506,188,3506,0.40942,7.63518,0.05362,1,12000,,
2020-04-02,Brazil,TO,TOTAL,0,0,0,12,0,12,0.00000,0.76294,0.00000,,,,
2020-04-02,Brazil,TOTAL,TOTAL,60,304,1169,8100,299,7910,0.14466,3.85444,0.03753,78,68761,,
2020-04-03,Brazil,AC,TOTAL,0,0,1,46,0,46,0.00000,5.21580,0.00000,10,41,,
2020-04-03,Brazil,AL,TOTAL,1,2,5,23,2,22,0.05993,0.68917,0.08696,1,274,,
2020-04-03,Brazil,AM,TOTAL,4,7,31,260,7,260,0.16889,6.27323,0.02692,1,121,,
2020-04-03,Brazil,AP,TOTAL,0,0,7,19,0,19,0.00000,2.24658,0.00000,,512,,
2020-04-03,Brazil,BA,TOTAL,3,6,23,290,5,282,0.04034,1.94983,0.02069,16,,,
2020-04-03,Brazil,CE,TOTAL,2,22,93,658,22,627,0.24091,7.20537,0.03343,,4200,,
2020-04-03,Brazil,DF,TOTAL,1,6,19,419,5,402,0.19899,13.89595,0.01432,1,,,
2020-04-03,Brazil,ES,TOTAL,3,5,14,153,4,139,0.12442,3.80725,0.03268,12,737,,
2020-04-03,Brazil,GO,TOTAL,1,2,15,88,2,88,0.02850,1.25386,0.02273,,2333,,
2020-04-03,Brazil,MA,TOTAL,0,1,7,87,1,81,0.01413,1.22965,0.01149,12,913,,
2020-04-03,Brazil,MG,TOTAL,2,6,27,397,6,397,0.02834,1.87540,0.01511,,41399,,
2020-04-03,Brazil,MS,TOTAL,0,1,7,60,1,60,0.03598,2.15906,0.01667,,39,,
2020-04-03,Brazil,MT,TOTAL,1,1,3,44,1,44,0.02870,1.26275,0.02273,,326,,
2020-04-03,Brazil,PA,TOTAL,0,1,26,75,1,50,0.01162,0.87180,0.01333,,60,,
2020-04-03,Brazil,PB,TOTAL,0,1,3,32,1,29,0.02489,0.79639,0.03125,3,90,,
2020-04-03,Brazil,PE,TOTAL,1,10,30,136,10,136,0.10463,1.42303,0.07353,9,,,
2020-04-03,Brazil,PI,TOTAL,0,4,3,22,4,21,0.12220,0.67212,0.18182,,268,,
2020-04-03,Brazil,PR,TOTAL,1,5,49,307,4,301,0.04373,2.68498,0.01629,7,521,,
2020-04-03,Brazil,RJ,TOTAL,6,47,82,1074,47,1074,0.27223,6.22070,0.04376,1,4471,,
2020-04-03,Brazil,RN,TOTAL,2,4,70,176,4,176,0.11406,5.01874,0.02273,1,2288,,
2020-04-03,Brazil,RO,TOTAL,0,1,0,10,1,10,0.05627,0.56267,0.10000,,,,
2020-04-03,Brazil,RR,TOTAL,1,1,7,37,0,30,0.16508,6.10802,0.02703,,14,,
2020-04-03,Brazil,RS,TOTAL,1,6,24,410,5,396,0.05274,3.60369,0.01463,3,258,,
2020-04-03,Brazil,SC,TOTAL,0,5,20,301,5,281,0.06979,4.20110,0.01661,,325,,
2020-04-03,Brazil,SE,TOTAL,0,2,3,27,2,25,0.08701,1.17458,0.07407,,,,
2020-04-03,Brazil,SP,TOTAL,31,219,542,4048,219,4048,0.47693,8.81551,0.05410,1,12000,,
2020-04-03,Brazil,TO,TOTAL,0,0,1,13,0,12,0.00000,0.82652,0.00000,,,,
2020-04-03,Brazil,TOTAL,TOTAL,61,365,1112,9212,359,9056,0.17369,4.38360,0.03962,78,71190,,
2020-04-04,Brazil,AC,TOTAL,0,0,0,46,0,46,0.00000,5.21580,0.00000,10,41,,
2020-04-04,Brazil,AL,TOTAL,0,2,0,23,2,23,0.05993,0.68917,0.08696,1,274,,
2020-04-04,Brazil,AM,TOTAL,5,12,51,311,12,311,0.28953,7.50375,0.03859,1,121,,
2020-04-04,Brazil,AP,TOTAL,1,1,10,29,1,28,0.11824,3.42899,0.03448,,512,,
2020-04-04,Brazil,BA,TOTAL,1,7,46,336,7,332,0.04706,2.25912,0.02083,16,,,
2020-04-04,Brazil,CE,TOTAL,1,23,87,745,22,730,0.25186,8.15806,0.03087,,4200,,
2020-04-04,Brazil,DF,TOTAL,1,7,37,456,7,454,0.23215,15.12303,0.01535,1,,,
2020-04-04,Brazil,ES,TOTAL,1,6,13,166,5,153,0.14930,4.13074,0.03614,12,767,,
2020-04-04,Brazil,GO,TOTAL,0,2,15,103,2,103,0.02850,1.46758,0.01942,,2333,,
2020-04-04,Brazil,MA,TOTAL,1,2,8,95,1,88,0.02827,1.34272,0.02105,12,913,,
2020-04-04,Brazil,MG,TOTAL,0,6,33,430,6,430,0.02834,2.03129,0.01395,,44528,,
2020-04-04,Brazil,MS,TOTAL,0,1,2,62,1,62,0.03598,2.23103,0.01613,,41,,
2020-04-04,Brazil,MT,TOTAL,0,1,16,60,1,56,0.02870,1.72193,0.01667,,326,,
2020-04-04,Brazil,PA,TOTAL,0,1,7,82,1,80,0.01162,0.95317,0.01220,,116,,
2020-04-04,Brazil,PB,TOTAL,2,3,2,34,2,32,0.07466,0.84617,0.08824,3,90,,
2020-04-04,Brazil,PE,TOTAL,4,14,40,176,14,176,0.14649,1.84157,0.07955,9,,,
2020-04-04,Brazil,PI,TOTAL,0,4,2,24,4,22,0.12220,0.73322,0.16667,,268,,
2020-04-04,Brazil,PR,TOTAL,2,7,94,401,6,395,0.06122,3.50710,0.01746,7,521,,
2020-04-04,Brazil,RJ,TOTAL,11,58,172,1246,58,1246,0.33594,7.21694,0.04655,1,4471,,
2020-04-04,Brazil,RN,TOTAL,1,5,36,212,5,212,0.14258,6.04531,0.02358,1,2261,,
2020-04-04,Brazil,RO,TOTAL,0,1,1,11,1,11,0.05627,0.61894,0.09091,,,,
2020-04-04,Brazil,RR,TOTAL,0,1,5,42,1,37,0.16508,6.93343,0.02381,,14,,
2020-04-04,Brazil,RS,TOTAL,1,7,8,418,6,410,0.06153,3.67400,0.01675,3,258,,
2020-04-04,Brazil,SC,TOTAL,5,10,55,356,5,334,0.13957,4.96874,0.02809,,325,,
2020-04-04,Brazil,SE,TOTAL,1,3,5,32,2,27,0.13051,1.39209,0.09375,,,,
2020-04-04,Brazil,SP,TOTAL,41,260,418,4466,260,4466,0.56621,9.72581,0.05822,1,12000,,
2020-04-04,Brazil,TO,TOTAL,0,0,3,16,0,14,0.00000,1.01725,0.00000,,,,
2020-04-04,Brazil,TOTAL,TOTAL,79,444,1166,10378,432,10278,0.21128,4.93844,0.04278,78,74380,,
2020-04-05,Brazil,AC,TOTAL,0,0,2,48,0,48,0.00000,5.44258,0.00000,10,41,,
2020-04-05,Brazil,AL,TOTAL,0,2,5,28,2,28,0.05993,0.83899,0.07143,1,274,,
2020-04-05,Brazil,AM,TOTAL,3,15,106,417,14,417,0.36192,10.06129,0.03597,1,121,,
2020-04-05,Brazil,AP,TOTAL,1,2,3,32,2,29,0.23648,3.78371,0.06250,,512,,
2020-04-05,Brazil,BA,TOTAL,2,9,65,401,9,401,0.06051,2.69615,0.02244,16,,,
2020-04-05,Brazil,CE,TOTAL,12,35,218,963,26,823,0.38326,10.54525,0.03634,,3890,,
2020-04-05,Brazil,DF,TOTAL,0,7,12,468,7,468,0.23215,15.52101,0.01496,1,,,
2020-04-05,Brazil,ES,TOTAL,0,6,28,194,6,166,0.14930,4.82749,0.03093,38,758,,
2020-04-05,Brazil,GO,TOTAL,1,3,12,115,3,115,0.04275,1.63856,0.02609,,2333,,
2020-04-05,Brazil,MA,TOTAL,0,2,37,132,2,96,0.02827,1.86568,0.01515,12,913,,
2020-04-05,Brazil,MG,TOTAL,0,6,68,498,6,498,0.02834,2.35252,0.01205,,47018,,
2020-04-05,Brazil,MS,TOTAL,0,1,3,65,1,65,0.03598,2.33898,0.01538,,41,,
2020-04-05,Brazil,MT,TOTAL,0,1,0,60,1,60,0.02870,1.72193,0.01667,,326,,
2020-04-05,Brazil,PA,TOTAL,0,1,4,86,1,86,0.01162,0.99967,0.01163,,116,,
2020-04-05,Brazil,PB,TOTAL,1,4,1,35,4,34,0.09955,0.87105,0.11429,3,90,,
2020-04-05,Brazil,PE,TOTAL,7,21,25,201,21,201,0.21973,2.10315,0.10448,9,,,
2020-04-05,Brazil,PI,TOTAL,0,4,0,24,4,23,0.12220,0.73322,0.16667,,268,,
2020-04-05,Brazil,PR,TOTAL,3,10,44,445,9,438,0.08746,3.89192,0.02247,7,183,,
2020-04-05,Brazil,RJ,TOTAL,6,64,148,1394,64,1394,0.37069,8.07417,0.04591,1,,,
2020-04-05,Brazil,RN,TOTAL,2,7,34,246,7,242,0.19961,7.01484,0.02846,1,2261,,
2020-04-05,Brazil,RO,TOTAL,0,1,3,14,1,12,0.05627,0.78774,0.07143,,,,
2020-04-05,Brazil,RR,TOTAL,0,1,0,42,1,42,0.16508,6.93343,0.02381,,14,,
2020-04-05,Brazil,RS,TOTAL,0,7,50,468,7,418,0.06153,4.11348,0.01496,3,,,
2020-04-05,Brazil,SC,TOTAL,0,10,23,379,10,357,0.13957,5.28976,0.02639,,325,,
2020-04-05,Brazil,SE,TOTAL,0,3,0,32,3,32,0.13051,1.39209,0.09375,,,,
2020-04-05,Brazil,SP,TOTAL,15,275,154,4620,275,4620,0.59888,10.06118,0.05952,1,12000,,
2020-04-05,Brazil,TO,TOTAL,0,0,1,17,0,17,0.00000,1.08083,0.00000,,,,
2020-04-05,Brazil,TOTAL,TOTAL,53,497,1046,11424,486,11130,0.23650,5.43619,0.04350,104,71484,,
2020-04-06,Brazil,AC,TOTAL,1,1,2,50,0,50,0.11339,5.66935,0.02000,10,41,,
2020-04-06,Brazil,AL,TOTAL,0,2,3,31,2,31,0.05993,0.92888,0.06452,1,274,,
2020-04-06,Brazil,AM,TOTAL,4,19,115,532,19,532,0.45843,12.83599,0.03571,1,121,,
2020-04-06,Brazil,AP,TOTAL,0,2,7,39,2,34,0.23648,4.61140,0.05128,,512,,
2020-04-06,Brazil,BA,TOTAL,1,10,36,437,10,431,0.06724,2.93820,0.02288,63,,,
2020-04-06,Brazil,CE,TOTAL,1,36,83,1046,29,1013,0.39421,11.45413,0.03442,,3684,,
2020-04-06,Brazil,DF,TOTAL,3,10,17,485,10,473,0.33165,16.08481,0.02062,148,75,,
2020-04-06,Brazil,ES,TOTAL,0,6,15,209,6,194,0.14930,5.20075,0.02871,38,801,,
2020-04-06,Brazil,GO,TOTAL,2,5,4,119,5,119,0.07124,1.69555,0.04202,,2333,,
2020-04-06,Brazil,MA,TOTAL,2,4,39,171,2,133,0.05654,2.41690,0.02339,12,913,,
2020-04-06,Brazil,MG,TOTAL,3,9,27,525,9,525,0.04252,2.48007,0.01714,,47715,,
2020-04-06,Brazil,MS,TOTAL,0,1,1,66,1,66,0.03598,2.37497,0.01515,,63,,
2020-04-06,Brazil,MT,TOTAL,0,1,16,76,1,76,0.02870,2.18111,0.01316,13,326,,
2020-04-06,Brazil,PA,TOTAL,4,5,37,123,3,102,0.05812,1.42976,0.04065,,106,,
2020-04-06,Brazil,PB,TOTAL,0,4,1,36,4,35,0.09955,0.89594,0.11111,9,90,,
2020-04-06,Brazil,PE,TOTAL,9,30,22,223,30,223,0.31390,2.33335,0.13453,25,,,
2020-04-06,Brazil,PI,TOTAL,0,4,2,26,4,23,0.12220,0.79432,0.15385,,251,,
2020-04-06,Brazil,PR,TOTAL,4,14,21,466,11,458,0.12244,4.07558,0.03004,7,156,,
2020-04-06,Brazil,RJ,TOTAL,7,71,67,1461,71,1461,0.41124,8.46223,0.04860,1,,,
2020-04-06,Brazil,RN,TOTAL,0,7,0,246,7,246,0.19961,7.01484,0.02846,1,2261,,
2020-04-06,Brazil,RO,TOTAL,0,1,4,18,1,14,0.05627,1.01281,0.05556,8,18,,
2020-04-06,Brazil,RR,TOTAL,0,1,0,42,1,42,0.16508,6.93343,0.02381,,3,,
2020-04-06,Brazil,RS,TOTAL,1,8,33,501,7,481,0.07032,4.40353,0.01597,3,,,
2020-04-06,Brazil,SC,TOTAL,1,11,38,417,10,379,0.15353,5.82013,0.02638,,325,,
2020-04-06,Brazil,SE,TOTAL,1,4,0,32,4,32,0.17401,1.39209,0.12500,14,,,
2020-04-06,Brazil,SP,TOTAL,29,304,246,4866,304,4866,0.66203,10.59691,0.06247,1,12000,,
2020-04-06,Brazil,TO,TOTAL,0,0,2,19,0,17,0.00000,1.20799,0.00000,,,,
2020-04-06,Brazil,TOTAL,TOTAL,73,570,838,12262,553,12056,0.27124,5.83496,0.04649,355,72068,,
2020-04-07,Brazil,AC,TOTAL,1,2,0,50,1,50,0.22677,5.66935,0.04000,10,41,,
2020-04-07,Brazil,AL,TOTAL,0,2,3,34,2,32,0.05993,1.01877,0.05882,1,308,,
2020-04-07,Brazil,AM,TOTAL,4,23,104,636,23,636,0.55494,15.34528,0.03616,1,121,,
2020-04-07,Brazil,AP,TOTAL,0,2,12,51,2,48,0.23648,6.03029,0.03922,23,670,,
2020-04-07,Brazil,BA,TOTAL,4,14,25,462,12,456,0.09413,3.10629,0.03030,106,,,
2020-04-07,Brazil,CE,TOTAL,4,40,143,1189,31,1051,0.43802,13.02004,0.03364,,9059,,
2020-04-07,Brazil,DF,TOTAL,2,12,18,503,12,492,0.39797,16.68177,0.02386,148,75,,
2020-04-07,Brazil,ES,TOTAL,0,6,18,227,6,209,0.14930,5.64866,0.02643,38,871,,
2020-04-07,Brazil,GO,TOTAL,0,5,14,133,5,133,0.07124,1.89503,0.03759,,2657,,
2020-04-07,Brazil,MA,TOTAL,7,11,58,229,4,172,0.15547,3.23667,0.04803,45,1372,,
2020-04-07,Brazil,MG,TOTAL,2,11,34,559,11,559,0.05196,2.64068,0.01968,,49652,,
2020-04-07,Brazil,MS,TOTAL,1,2,14,80,2,80,0.07197,2.87875,0.02500,,26,,
2020-04-07,Brazil,MT,TOTAL,0,1,2,78,1,78,0.02870,2.23851,0.01282,13,326,,
2020-04-07,Brazil,PA,TOTAL,0,5,31,154,5,138,0.05812,1.79010,0.03247,,98,,
2020-04-07,Brazil,PB,TOTAL,0,4,5,41,4,36,0.09955,1.02038,0.09756,9,1091,,
2020-04-07,Brazil,PE,TOTAL,4,34,129,352,34,352,0.35576,3.68314,0.09659,32,,,
2020-04-07,Brazil,PI,TOTAL,1,5,5,31,4,28,0.15275,0.94708,0.16129,,221,,
2020-04-07,Brazil,PR,TOTAL,1,15,45,511,15,503,0.13119,4.46914,0.02935,121,286,,
2020-04-07,Brazil,RJ,TOTAL,18,89,227,1688,89,1688,0.51550,9.77704,0.05273,1,,,
2020-04-07,Brazil,RN,TOTAL,1,8,8,254,8,254,0.22812,7.24296,0.03150,1,2430,,
2020-04-07,Brazil,RO,TOTAL,0,1,5,23,1,18,0.05627,1.29415,0.04348,8,31,,
2020-04-07,Brazil,RR,TOTAL,0,1,7,49,1,42,0.16508,8.08900,0.02041,,3,,
2020-04-07,Brazil,RS,TOTAL,0,8,54,555,8,508,0.07032,4.87816,0.01441,3,,,
2020-04-07,Brazil,SC,TOTAL,4,15,40,457,11,417,0.20936,6.37842,0.03282,,,,
2020-04-07,Brazil,SE,TOTAL,0,4,4,36,4,36,0.17401,1.56611,0.11111,14,,,
2020-04-07,Brazil,SP,TOTAL,67,371,816,5682,371,5682,0.80794,12.37395,0.06529,1,17000,,
2020-04-07,Brazil,TO,TOTAL,0,0,0,19,0,19,0.00000,1.20799,0.00000,,,,
2020-04-07,Brazil,TOTAL,TOTAL,121,691,1821,14083,667,13717,0.32882,6.70150,0.04907,575,86338,,
